 C¢digo; Nombre;  Direcci¢n; TelÇfono; Nombre Rector; Sector; Zona; N£mero de Sedes; Correo Electr¢nico
276001005184;INSTITUCION EDUCATIVA LA BUITRERA;IND K.3 CORREGIMIENTO LA BUITRERA;312 6660068;JORGE ENRIQUE SILVA BASTIDAS;OFICIAL;RURAL,URBANA;5;admin@ielabuitreracali.edu.co
176001040119;INSTITUCION EDUCATIVA RODRIGO LLOREDA CAICEDO;IND CL 38 A 47 A 45;3283404 / 3164805570;AMPARO DE JESUS CASADIEGO PAZ;OFICIAL;URBANA;4;admin@ierodrigolloredacali.edu.co
176001030796;INSTITUCION EDUCATIVA TECNICO INDUSTRIAL VEINTE DE JULIO;IND KR 5 NORTE 33 01;3450764 3450765 / 321 7553006;MARIA DEL ROSARIO GUEVARA VILLA;OFICIAL;URBANA;3;rosi-gue@hotmail.com
276001042756;INSTITUCION EDUCATIVA LA PAZ;IND CORREGIMIENTO LA PAZ;312 2586643;EDGAR JAVIER CUARAN ERAZO ;OFICIAL;RURAL,URBANA;5;admin@ielapazcali.edu.co
176001001745;INSTITUCION EDUCATIVA  LICEO DEPARTAMENTAL;IND KR 37 A 8 38;5141714 5578912;LUZ ADRIANA GIRALDO SANCHEZ;OFICIAL;URBANA;3;ie_liceodepartamental@yahoo.es
176001015975;INSTITUCION EDUCATIVA CIUDAD CORDOBA;IND CL 50 49 C 100;4836871;RAFAEL ALBERTO OTERO GONZALEZ;OFICIAL;URBANA;3;admin@ieciudadcordobacali.edu.co
176001005341;INSTITUCION EDUCATIVA TECNICA CIUDAD DE CALI;IND CL 30 25 00;3087732 / 304 4887782;DIEGO MAURICIO DEJEAS MOREIRA;OFICIAL;URBANA;5;cidecarector@outlook.com
176001007115;INSTITUCION EDUCATIVA EL DIAMANTE;IND KR 31 41 00;3995982;CARLOS FERNANDO ZEA HINCAPIE;OFICIAL;URBANA;3;ineldiamante@gmail.com
176001005813;INSTITUCION EDUCATIVA INEM JORGE ISAACS;CL 5 NORTE 61 126 ;4470128 320 6180085;SOLANGELLIE ARANGO NIETO;OFICIAL;URBANA;7;inemcali@gmail.com
276364001610;I.E. COMUNITARIA LUIS CARLOS VALENCIA;CORREG DE VILLA PAZ;3164819826;NUBIA RUTH ANGULO;OFICIAL;RURAL;2;eduvalencia@jamundi.gov.co
276364000460;I.E. ALFONSO LOPEZ PUMAREJO;CORREG DE POTRERITO;5900239;LUZ JENNY LOZANO BURBANO;OFICIAL;RURAL;6;edupumarejo@jamundi.gov.co
276364000605;I.E. SIXTO MARIA ROJAS;CORREG QUINAMAYO;3113077814;CLAUDIA INES GUTIERREZ DIAS;OFICIAL;RURAL;3;edurojas@jamundi.gov.co
276520002419;IE SAGRADA FAMILIA - POTRERILLO;AV 4NO.5-51 CORRIGIMIENTO POTRERILLO;3113530802;NEIZA ALEXANDRA ROSALES ABADIA;OFICIAL;RURAL;11;iesafapotrerillo@hotmail.com 
176520001931;IE PAULO VI;CL 39 15 26 ;3172301667;MARIA AURORA BARBERY CONCHA;OFICIAL;URBANA;4;secretariacademicaiepvi@gmail.com
176845000019;IE LEOCADIO SALAZAR;KR 2 4 27 ;310 3516365;EPIFANIO  DIAZ BERNAL;OFICIAL;URBANA;3;leocadio@sedvalledelcauca.gov.co
276243000071;IE JUSTINIANO ECHAVARRIA;CORREG  VILLANUEVA EL AGUILA VALLE;3137656858;MARIA RUBY RUIZ MEJIA;OFICIAL;RURAL;16;justiniano@sedvalledelcauca.gov.co
176001007166;INSTITUCION EDUCATIVA TECNICO INDUSTRIAL JOSE MARIA CARBONELL;CL 13 32 88 ;3261525.;CARLOS ARTURO MORALES CASTRO;OFICIAL;URBANA;3;administrador@iejosemcarbonellcali.edu.co
176001006119;INSTITUCION EDUCATIVA GENERAL FRANCISCO DE PAULA SANTANDER;CL 27 31 A 60 ;3352352;FLOR ELISA  BEJARANO MAHECHA ;OFICIAL;URBANA;5;admin@iefranciscopsantandercali.edu.co
276041000371;IE JORGE ISAACS;CORREG EL VILLAR;3128660503;GABRIEL ANGEL PEREZ MU•OZ;OFICIAL;RURAL;13;jorgeansermanuevo@sedvalledelcauca.gov.co
276100000518;IE LA TULIA;CORREG LA TULIA;3156305974-3178815835;OSCAR ALBERTO HENAO OSORIO;OFICIAL;RURAL;8;latulia@sedvalledelcauca.gov.co
276109001142;ALFREDO VASQUEZ COBO;CORREGIMIENTO BAJO CALIMA - VEREDA SAN ISIDRO;Personal: 3108314229 - Institucion: 3108314229;POLA ZORAIDA ANGULO MONDRAGON;OFICIAL;RURAL;5;angulomondragon@hotmail.com  insteducativaavc@gmail.com
276109000341;JAIME ROOCK;RIO RAPOSO;3154180185;MARTHA IRENE VALENCIA;OFICIAL;RURAL;12;jaimeroock@hotmail.com
176109000583;PASCUAL DE ANDAGOYA;CL 9 A 5 18;2460173-3172126026;AUBERTO ARBOLEDA VENTE;OFICIAL;URBANA;3;iepandagoya@hotmail.com
176111032263;IE GRAN COLOMBIA;KR 14 16 67;2276873 - 2274277;CARLOS ARTURO PALACIOS RIVERA;OFICIAL;URBANA;3;iegcolombia@hotmail.com
176111001031;IE TULIO ENRIQUE TASCON;KR 9 BIS 17 25;2371121 - 2391637;NELSON SANCHEZ QUICENO;OFICIAL;URBANA;4;tulioetascon@gmail.com
276111000803;IE AGROPECUARIO MONTERREY;CORREG MONTERREY;2396434;OSCAR CLAVIJO ORTIZ;OFICIAL;RURAL;5;oco53@yahoo.es
276122000228;IE SAGRADO CORAZON DE JESUS;VDA LA CAMELIA;3104090928;LUCELLY GRAJALES BARON;OFICIAL;RURAL,URBANA;7;sagradocaicedonia@sedvalledelcauca.gov.co
276126000133;CE JOHN F. KENNEDY;VDA LA GAVIOTA;3164410074;ANA AIDE FRANCO GOMEZ;OFICIAL;RURAL;5;johnefe@sedvalledelcauca.gov.co
176126000058;IE GIMNASIO DEL CALIMA;KR 7 5 11 ;2533045;ALVAREZ VELEZ MARIA ELIZABETH;OFICIAL;URBANA;3;gimnasiocalima@sedvalledelcauca.gov.co
176130000399;IE NUESTRA SE•ORA DE  LA CANDELARIA;CALLE 4 Y 5;2600968;MARIBELL PAREDES GALLEGO;OFICIAL;URBANA;6;nuestracandelaria@sedvalledelcauca.gov.co
276130000822;IE MARINO RENJIFO SALCEDO;CLL  7 NO  7-26;;MARIA MILENA MEDINA QUINTANA;OFICIAL;RURAL;9;marino@sedvalledelcauca.gov.co
276147000559;NUEVA GRANADA;VEREDA COLORADAS;2130619 - 3115535712;SILVIA MARTINEZ VARGAS;OFICIAL;RURAL;1;
176147000236;ACADEMICO;KR 11 15 46;2092800;OCTAVIO GARCIA QUINTERO;OFICIAL;URBANA;5;ieacademico@hotmail.com ieacademico@semcartago.gov.co
176147000520;LAZARO DE GARDEA;IND CL 5 25 62;2125043;SILVIA MARTINEZ VARGAS;OFICIAL;URBANA;1;
276233000481;IE GUILLERMO VALENCIA;CORREG EL PI•AL;3158101220;LUIS ALBERTO OYOLA RODRIGUEZ;OFICIAL;RURAL;5;guillermo@sedvalledelcauca.gov.co
276233000511;IE EL PALMAR;CORREG EL PALMAR;;CARLOS ALBERTO ESCOBAR TORO;OFICIAL;RURAL;12;elpalmar@sedvalledelcauca.gov.co
276248000363;IE SANTA ELENA;CR 6 NO 3-71;318-2854028 - 310-5084686;TITO GERARDO CASTILLO BOLA•OS;OFICIAL;RURAL;11;santaelena@sedvalledelcauca.gov.co
276275000197;IE ATANASIO GIRARDOT;CORREG CHOCOCITO;3163157998;SANDRA VITALIA ORDO•EZ BASTIDAS;OFICIAL;RURAL;5;atanasioflorida@sedvalledelcauca.gov.co
176275000915;IE CIUDAD FLORIDA;CL 6 12 A 10 ;2644055 - 2642028 311 3724531;AYDEE  CARDONA RAMIREZ;OFICIAL;URBANA;6;ciudadflorida@sedvalledelcauca.gov.co
176318000264;IE ESCUELA NORMAL SUPERIOR MIGUEL DE CERVANTES SAAVEDRA;CLL 3 NO 8-65;2530429-3128313461;DORA ALBA BOL÷VAR SANCHEZ;OFICIAL;URBANA,RURAL;5;normalmiguel@sedvalledelcauca.gov.co debolivarsanchez@gmail.com
176318000701;IE PEDRO VICENTE ABADIA;CLLL 1 NO 10-39;2538449;ALBA RUTH MARTINEZ ROMERO;OFICIAL;URBANA,RURAL;5;pedrovicente@sedvalledelcauca.gov.co
276318000111;IE JOSE CELESTINO MUTIS;GUABAS;   2570758 - 3137426163 ;UDENCY  RIZO MILLAN;OFICIAL;RURAL;3;josecelestino@sedvalledelcauca.gov.co
176520002180;IE TERESA CALDERON DE LASSO;CLL 42 NO  16 60;2728144;VICTOR RAUL ARANGO STERLING;OFICIAL;URBANA,RURAL;4;vrarango@yahoo.com
176622000084;IE NORMAL SUPERIOR JORGE ISAACS;KR 7 15 70 ; 2297995 -317 6386382 317 6572072;ANA MARIA RODRIGUEZ LOZANO ;OFICIAL;URBANA;3;normaljorge@sedvalledelcauca.gov.co
176622000076;IE NUESTRA SE•ORA DE CHIQUINQUIRA;CL 4 5 38 ;2298349 - 312 8304106;HNA GLORIA MARCELA DELGADO PARADA;OFICIAL;URBANA;7;nuestraroldanillo@sedvalledelcauca.gov.co
276736000178;IE SANTA TERESITA;CORREG SAN ANTONIO;3148282545;DIANA MARIA CARDONA TORRES;OFICIAL;RURAL;15;santateresitasevilla@sedvalledelcauca.gov.co
276736000283;IE SANTA BARBARA;CORREG COROZAL;3136493635;ISABEL CRISTINA BOTERO SERNA;OFICIAL;RURAL;4;santabarbara@sedvalledelcauca.gov.co
276834002626;INSTITUCION EDUCATIVA JULIO CESAR ZULUAGA;CORREGIMIENTO TRES ESQUINAS;2309473;ESPERANZA CARDENAS GONZALEZ;OFICIAL;RURAL;6;
176892000159;IE ANTONIA SANTOS;KR 4 7 18;6691170 6697061-;LEONTE  SERNA PALACIOS;OFICIAL;URBANA;4;antoniasantosyumbo@yahoo.com.ar
276892000188;IE ROSA ZARATE DE PE•A;VDA RINCON DAPA;5508088;DIANA MIRELLY TRIVI•O RINCON;OFICIAL;RURAL;2;rosa@sedvalledelcauca.gov.co
176895000109;IE NORMAL SUPERIOR NUESTRA SE•ORA DE LAS MERCEDES;KR 11 11 55 ;2206103 3135628391;LUIS ALFREDO RIVADENEIRA GUTIERREZ;OFICIAL;URBANA;5;normalmercedes@sedvalledelcauca.gov.co
276895000782;IE LUIS GABRIEL UMA•A MORALES;CORREG VALLEJUELO; 2208472-3108216597;TEODORA TORRES GRANJA;OFICIAL;RURAL;2;luisgabriel@sedvalledelcauca.gov.co
276109008589;INSTITUCI‡N EDUCATIVA TêCNICA AGROECOL‡GICO NONAM ;BAJO  SAN  JUAN;3217784202 ;HILDO MO•A PERDIZ;OFICIAL;RURAL;9;hildomperdiz@hotmail.com
276109003994;PATRICIO OLAVE ANGULO;IND PTO. MERIZALDE VALLE;3104006670-2460254-318-5574929;CAMILO DELGADO CASTRO;OFICIAL;RURAL;2;patriciolaveangulo@hotmail.com    cadelca70@hotmail.com
176001002989;INSTITUCION EDUCATIVA MARICE SINISTERRA;CL 39 25 A 43 ;4453459 / 3015050677;DANILO PAZ MORENO;OFICIAL;URBANA;3;admin@iemaricesinisterracali.edu.co
176001032063;INSTITUCION EDUCATIVA TECNICO INDUSTRIAL LUZ HAYDEE GUERRERO MOLINA;IND KR 28E2 72 S 02;4371539 ;CARLOS ALBERTO SALDARRIAGA  GIL;OFICIAL;URBANA;2;admin@ieluzhaydeecali.edu.co
176001022360;INSTITUCION EDUCATIVA TECNICA COMERCIAL LAS AMERICAS;IND KR 12 # 38-58;4103225 / 3104012626;ELIZABETH PALOMINO DE MU•OZ ;OFICIAL;URBANA;5;eliza.rectora@gmail.com
176001020065;INSTITUCION EDUCATIVA CELMIRA BUENO DE OREJUELA;IND CL 62B N 1A-9-250;4470928;HERMINIA  AMU MOLINA;OFICIAL;URBANA;2;cbo133@gmail.com
176001014138;INSTITUCION EDUCATIVA LA ESPERANZA;IND KR 94 A OESTE 1A 1 46;3480593 / 317 4282357;BERNARDO VALDIVIESO FONTAL ;OFICIAL;URBANA;5;ielaesperanzacali@gmail.com
176001001681;INSTITUCION EDUCATIVA ALBERTO CARVAJAL BORRERO;IND KR #14 58-00;4437206 / 318 4494773;EDINSON CASTILLO CEBALLOS;OFICIAL;URBANA;3;admin@iealbertocarvajalcali.edu.co
176001005970;INSTITUCION EDUCATIVA SIETE DE AGOSTO;IND CL 72 #11 C -27;6565750 ;ARNULFO QUI•ONES GARCIA;OFICIAL;URBANA;4;iesietedeagosto@gmail.com mbo-1971@hotmail.com
176001001770;INSTITUCION EDUCATIVA EUSTAQUIO PALACIOS;IND KR 52 NO. 2 51;5190532;LUZ ELENA MU•OZ HINCAPIE (E);OFICIAL;URBANA;11;ieeustaquiopalacios@gmail.com secretariageneraleustaquio@yahoo.com
176001003951;INSTITUCION EDUCATIVA JULIO CAICEDO Y TELLEZ;KR 24 C 57 25 ;3450192 / 317 4361830;ROBERTO SANTANDER GONZALEZ ;OFICIAL;URBANA;5;rosago30@yahoo.com
176001001800;INSTITUCION EDUCATIVA VILLACOLOMBIA;KR 12 E 48 36 ;4421486 / 4423864 ;ORLANDO LONDO•O ARIAS;OFICIAL;URBANA;4;i.e.villacolombia53@gmail.com
276111000773;IE LA MAGDALENA;VDA LA MAGDALENA;3127774910;GERMAN TRUJILLO MARTINEZ;OFICIAL;RURAL;6;pilar01061@hotmail.com
176147001933;ANTONIO HOLGUIN GARCES;CL 48 2 45;2177775;ALVARO POSSE GUZMAN;OFICIAL;RURAL,URBANA;3;ieahg@hotmail.com ieahg@semcartago.gov.co colegioholguingarces@gmail.com
176147002174;CIUDAD DE CARTAGO;IND KR 3 CON CL 2 ESTE;2106311;JORGE IVAN PULGARIN RAMIREZ;OFICIAL;URBANA;5;ciudaddecartago@semcartago.gov.co
276306000174;IE MANUELA BELTRAN;CR 5 NO 8-30;321-5416843;MARIA ENITH MENDEZ MAFLA;OFICIAL;RURAL;12;manuelaginebra@sedvalledelcauca.gov.co
176520002091;IE ALFONSO LOPEZ PUMAREJO;KR 16 32 02 ;2722360;GLAYDER HERNAN POLO RUIZ;OFICIAL;URBANA;4;ieafpumarejo@sempalmira.gov.co
176520002121;IE JORGE ELIECER GAITAN;CL 41 40 41 ;2728104-3113343679;MERCEDES PERLAZA CALLE;OFICIAL;URBANA;3;iejega@hotmail.com
276828000441;IE MANUEL MARIA MALLARINO;VDA RIN-RAN;2267368;BEATRIZ EUGENIA CALERO VELEZ;OFICIAL;RURAL,URBANA;14;manuelmariatrujillo@sedvalledelcauca.gov.co
276845000102;IE MARIA INMACULADA;CLL PRINCIPAL - MOCTEZUMA;317 2263490;MARINO AGUIRRE LOPEZ;OFICIAL;RURAL;11;mariainmaculada@sedvalledelcauca.gov.co
276233000260;IE SANTA TERESITA DEL NI•O JESUS;CORREG EL CARMEN;3153106870;DIANA PATRICIA CAICEDO CHIRIBOGA;OFICIAL;RURAL;4;santateresitadagua@sedvalledelcauca.gov.co
176001029411;INSTITUCION EDUCATIVA AGUSTIN NIETO CABALLERO;KR 37 26 C 51 ;3367288;PATRICIA RAMIREZ ECHEVERRY;OFICIAL;URBANA;4;admin@ieagustinnietocali.edu.co patyram2018@hotmail.com
176001005121;INSTITUCION EDUCATIVA TECNICO COMERCIAL VILLA DEL SUR;CL 30 A 41 E 99 ;3799296 3799297;LIBIA ENITH VILLEGAS RODRIGUEZ;OFICIAL;URBANA;2;comunicacionesvillasur@gmail.com
176109000605;LA ANUNCIACION;IND AVDA SIMON BOLIVAR KM 5;24-25471-3216856183-3113380400;YANETH RIASCOS HURTADO;OFICIAL;URBANA;1;yanethriascosh@gmail.com
176109000834;SAN VICENTE;IND AV SIMON BOLIVAR KM 9;2401078 - 3165238000;JOAQUIN OROBIO BASTIDAS;OFICIAL;URBANA;1;joaquin363@hotmail.com - iesanvicente@hotmail.com
276109000243;JUANCHACO;CORREGIMIENTO JUANCHACO;2423073 - 3127431427;ROBINSON PEREA SANCLEMENTE;OFICIAL;RURAL;6;joelvavi125@yahoo.es
176109000818;REPUBLICA DE VENEZUELA;IND KR 11 C 2 # 1 04;2418754-3155577645;ROMEL PE•A CUELLAR;OFICIAL;URBANA;4;IErdevenezuela@hotmail.com  roapenacu@yahoo.es
276109005806;INSTITUCI‡N AGROPECUARIA JOSê MAR÷A C‡RDOBA;IND CORDOBA;316 8835410 - 312 7452039;CLARA INES MELENDEZ ANGULO;OFICIAL;RURAL;8;roapenacu@yahoo.es
176109000311;LAS AMERICAS;KR 65 A CL 6 A 00;;JUAN DEMETRIO PANAME•O VALENCIA;OFICIAL;URBANA;3;insedulasamericas2009@hotmail.com
376109008401;CENTRO EDUCATIVO LA ALEGRIA;CRA57C DIG2 S57-28;3172558152;AMPARO CASTILLO ARROYO;OFICIAL;;0;
176111000507;IE AGRICOLA DE GUADALAJARA DE BUGA;CL 23 KR 9 ESQ ;2371115 - 2371114 - 2371108;JORGE ELIECER SANCHEZ DAZA;OFICIAL;URBANA;4;secretariarectoria@hotmail.com
276113000436;IE MARIANO GONZALEZ;CORREG GALICIA;7000403;EUGENIO OSSA VILLEGAS;OFICIAL;RURAL;10;marianogonzalez@sedvalledelcauca.gov.co
176113000652;IE ANTONIO NARI•O;CLL 9 CR 6 ESQ;2237600-2265395 3225655043;GLORIA  OBANDO ZAPATA;OFICIAL;URBANA,RURAL;10;antoniobugalagrande@sedvalledelcauca.gov.co
176147001861;ALFONSO LOPEZ PUMAREJO;CL 11 6 73;2098495;CESAR AUGUSTO MONTOYA TRUJILLO;OFICIAL;URBANA;7;alfonso_lopezpumarejo@hotmail.com alfonso_lopezpumarejo@semcartago.gov.co
276233000561;IE CAMILO TORRES;CORREG LOBOGUERRERO;3117776969;RAQUEL YELA TELLO;OFICIAL;RURAL;9;camilodagua@sedvalledelcauca.gov.co
276403000201;IE SAN JOSE;CORREG SAN JOSE;3128664846-315-4089791;JESUS ANTONIO MARIN ACERO;OFICIAL;RURAL;4;sanjoselavictoria@sedvalledelcauca.gov.co
276497000047;IE POLICARPA SALAVARRIETA;CORREG SAN ISIDRO;3154980748;EFRAIN UMA•A GARZON;OFICIAL;RURAL;6;policarpaobando@sedvalledelcauca.gov.co
276520002320;IE FRANCISCO MIRANDA;VDA BUITRERA;2682752;LUIS FERNANDO TAIMAL;OFICIAL;RURAL;7;ieframi@hotmail.com
276563000231;IE ANTONIO NARI•O;CORREG LOMITAS;310-7400406   321-2279879;EUNICE GUTIERREZ CONCHA;OFICIAL;RURAL;4;antoniopradera@sedvalledelcauca.gov.co
276616000255;IE CAMILO TORRES;CORREG LA ZULIA;3117381543;LUZ ADRIANA TORO HERRERA;OFICIAL;RURAL;11;camiloriofrio@sedvalledelcauca.gov.co
276616000590;IE NEMESIO RODRIGUEZ ESCOBAR;CR 3 NO 7-54;3218129563-3502268525;ORLANDO PAZ CARVAJAL;OFICIAL;RURAL;9;nemesio@sedvalledelcauca.gov.co
176834000084;INSTITUCION EDUCATIVA  GIMNASIO DEL PACIFICO;CALLE 34 CARRERA 36;2243239;GUSTAVO BERMUDEZ LOZANO;OFICIAL;URBANA,RURAL;7;iegimnasio@semtulua.gov.co
276834001077;INSTITUCION EDUCATIVA  SAN RAFAEL;CORREGIMIENTO SAN RAFAEL;;CLARA INES FONTAL ARIAS;OFICIAL;RURAL;16;iesanrafael@semtulua.gov.co
276834001778;INSTITUCION EDUCATIVA AGUACLARA;AV.  PPAL.  26-36;230 9727;LEIDY NATALIA MONTES ARCINIEGAS;OFICIAL;RURAL;7;ieaguaclara@semtulua.gov.co
276890000237;IE SAN JUAN BOSCO;VDA SAN JUAN; 2530901   3187070210;OSCAR HUMBERTO MARTINEZ MELO;OFICIAL;RURAL;11;sanjuan@sedvalledelcauca.gov.co
176892000078;IE MAYOR DE YUMBO;CL 12 11 81 ;6691940 -6696541;ROBINSON MORENO RODRIGUEZ;OFICIAL;URBANA;4;colmayoryumb@yahoo.es
176892000242;IE MANUEL MARIA SANCHEZ;CL 14 15 A 54;6690721  6696788;MARICELA PARDO RUBIANO;OFICIAL;;0;manuelmariayumbo@sedvalledelcauca.gov.co
276892000161;IE LEONOR LOURIDO DE VELASCO;CLL 10 NO 31A-150;6904095;LUZ STELLA ZAPATA GARCIA;OFICIAL;RURAL;4;leonor@sedvalledelcauca.gov.co
176895000265;IE SIMON BOLIVAR;SALIDA SUR VIA CALI;2206585 3225184256;HAROLD  SARRIA DAVILA;OFICIAL;URBANA,RURAL;5;simonzarzal@sedvalledelcauca.gov.co
276100000704;IE BETANIA;CORREG BETANIA;3166677137;ALEIDA JARAMILLO ABAD÷A;OFICIAL;RURAL;12;betania@sedvalledelcauca.gov.co
276233000537;I.E. SAN PEDRO CLAVER;CORREG EL NARANJO;3113607309;DORIS MONTOYA GAMBOA;OFICIAL;RURAL;10;sanpedro@sedvalledelcauca.gov.co
276001004889;INSTITUCION EDUCATIVA EL HORMIGUERO;IND CRA. 143 - CALLEJ CASCAJAL 2-10;555 3932;BEATRIZ DORADO RIOS;OFICIAL;RURAL,URBANA;4;admin@ieelhormiguerocali.edu.co
176001028872;INSTITUCION EDUCATIVA TECNICO INDUSTRIAL CARLOS HOLGUIN MALLARINO;IND CL 55 A 30 B 50;4263307 / 320 6032278;SONNIA MARIA VIVEROS ANDRADE;OFICIAL;URBANA;3;cahoma2018@hotmail.com somavian@yahoo.es
176001025946;INSTITUCION EDUCATIVA SANTA ROSA;IND CL 72 X 28B - 35;4376659 ;HUGO FERNELY CHAVARRO ROJAS;OFICIAL;URBANA;2;institucional@iesantarosacali.edu.co
176001007875;INSTITUCION EDUCATIVA TECNICO INDUSTRIAL PEDRO ANTONIO MOLINA;IND CRA 1A- 10 #71- 00;4409922 / 4405332 / 316 8304329;ANA CECILIA ALVAREZ GARCIA;OFICIAL;URBANA;8;anacalvarez31@hotmail.com itipam2002@hotmail.com
176001005091;INSTITUCION EDUCATIVA REPUBLICA DE ISRAEL;KR 3 43 49 BR IND ;4422485 / 313 5522564;ROSA MARIA SALGUERO AGUILAR;OFICIAL;URBANA;3;administrador@ierdeisraelcali.edu.co
176001004001;INSTITUCION EDUCATIVA SAN JUAN BAUTISTA DE LA SALLE;IND KR 9 A # 78 14;6629986 / 6629944;HECTOR AUGUSTO VELEZ AGUDELO;OFICIAL;URBANA;2;ie_juanbautista@yahoo.com hava721@gmail.com
176001011163;INSTITUCION EDUCATIVA ALVARO ECHEVERRY PEREA;IND CL 4 92 04;3328642;CONSUELO BETANCOURTH PARDO;OFICIAL;URBANA;4;alvacol@hotmail.com
176001001753;INSTITUCION EDUCATIVA TECNICO INDUSTRIAL ANTONIO JOSE CAMACHO;IND KR 16 12 00;5582689 5587194;JOSE MAURICIO ARROYO ANGULO;OFICIAL;URBANA;5;saulprogres@gmail.com
176001001664;INSTITUCION EDUCATIVA VICENTE BORRERO COSTA;IND CL 76 KR 7 S  00 ESQUINA;6620161 / 316 8822556 / 300 6602226;WALTER ESTACIO RIVAS;OFICIAL;URBANA;5;funemipo10@hotmail.com kelaia022128@gmail.com
176001002911;INSTITUCION EDUCATIVA EVA RIASCOS PLATA;IND TRANVERSAL 25 NO 31B 69;;JAMES ZAMORA MONTOYA;OFICIAL;URBANA;3;zamoramontoyajames@gmail.com ieevariascosplata@ieevariascosplatacali.edu.co
476001020719;INSTITUCION EDUCATIVA LA LEONERA;CORREGIMIENTO LA LEONERA;313 7408628 / 320 6917954;ANTONIO VALENCIA BRI•EZ;OFICIAL;RURAL;3;admin@ielaleoneracali.edu.co
276001010994;INSTITUCION EDUCATIVA FRANCISCO JOSE LLOREDA MERA;KM. 14 VIA AL MAR EL SALADITO;5501285 / 302 3605513;ALBA MARIA DOMINGUEZ;OFICIAL;RURAL;6;almari35@gmail.com
176147001241;MARIA AUXILIADORA;CL 16 1 83 ;2132163;HNA OLGA YANETH ESPINOSA AMAYA;OFICIAL;URBANA;2;i.emariaauxiliadoracartago@gmail.com
176364000481;I.E. ROSA LIA MAFLA;KR 6 10 02 ;5166675  5161227;NOBEL ALFREDO QUI•ONES SANCHEZ ;OFICIAL;URBANA;4;edumafla@jamundi.gov.co
176364000015;I.E. CENTRAL DE BACHILLERATO INTEGRADO;KR 14 12 11 ;5921845/46 ;ALVARO ENRIQUE RAMIREZ ROMERO;OFICIAL;URBANA;2;educolcentral@jamundi.gov.co
176520000331;IE ANTONIO LIZARAZO;CL 54 C 42 12 ;2844204-3012004529;ALONSO GARCIA GONZALEZ;OFICIAL;URBANA;4;antoniolizarazo55@hotmail.com
176520001876;IE HAROLD EDER;KR 32 61 96 ;2855701;NORA STELLA MONTILLA GONZALEZ;OFICIAL;URBANA;4;ie_haroldeder@hotmail.com
176863000336;IE LA INMACULADA;CALLE 7 NO. 9 SN -110;314 6771131;MARIA LUZMILA ALZATE LOPEZ;OFICIAL;URBANA,RURAL;20;inmaculadaversalles@sedvalledelcauca.gov.co
276275001461;IE IDEBIC;FINCA ELCAJON COMUNIDAD INDIGENA DE LOMAGORDA;2638854-310-3892364;ANIBAL BUBU RAMOS;OFICIAL;RURAL;68;idebic@sedvalledelcauca.gov.co
176001005368;INSTITUCION EDUCATIVA REPUBLICA DE ARGENTINA;IND KR 11 D 23 49;4878918 - 8853626;WILSON ARIEL MEZA PERDOMO.;OFICIAL;URBANA;4;ie_rargentina@ierargentinacali.edu.co iera5@hotmail.com
476020000249;IE ARTURO GOMEZ JARAMILLO;VDA SAN FELIPE;3116056560;JORGE ALIRIO SUAREZ ;OFICIAL;RURAL,URBANA;18;arturogomez@sedvalledelcauca.gov.co
276036000037;IE AGRICOLA CAMPOALEGRE;CORREG CAMPOALEGRE;3168717295;JORGE ENRIQUE REYES CRUZ;OFICIAL;RURAL;13;agricola@sedvalledelcauca.gov.co
276828000387;IE RODRIGO LLOREDA CAICEDO;CORREG CERRO AZUL;3164576524;JOSE JAIR GARCIA CAMPO;OFICIAL;RURAL;6;rodrigobolivar@sedvalledelcauca.gov.co
176109000176;SAN RAFAEL;KR 6 6 45 ;3168206967;GILMAN MURILLO HURTADO;OFICIAL;URBANA;2;sanrafael100@hotmail.com
176109003183;SIMON BOLIVAR;CL 4 A KR 60 Y 61 ;2429602-3183618712;FREDDY PANAME•O VALENCIA;OFICIAL;URBANA;3;iesimonbolivar1@hotmail.com
176109000621;LICEO DEL PACIFICO;CL 6 54 25 ;244 28 67- 240 00 86 315 466 52 21;PATI•O HURTADO CLAUDIA NAYIBE;OFICIAL;URBANA;4;liceodelpacifico@hotmail.com
276109000855;ESTHER ETELVINA ARAMBURO;RIO YURUMANGUI;3167560090-2413578;EDDIL CAICEDO ARROYO;OFICIAL;RURAL;12;eddilca@gmail.com
276109002009;RAUL OREJUELA BUENO;RIO NAYA;2401972- 3183202029- 3113121558- 3163535169;ROSA NINFA CUERO SANTANA;OFICIAL;RURAL;12;i.e.raulorejuelabueno@hotmail.com
176109000800;JOSE MARIA  CABAL;KR 62 11 01 BR INDEPENDENCIA II ET;2428459-3164465826;MARLON ALEXIS POSSO VARELA;OFICIAL;URBANA;4;josemariacabal@yahoo.com mapova15@hotmail.com
276109001266;ATANASIO GIRARDOT;ZACARIAS RIO DAGUA;3154066261 - 3173663323 ;OLGA MARIA RIASCOS MOSQUERA;OFICIAL;RURAL;8;olmarimos25@yahoo.es 
276111000781;IE TULIO ENRIQUE TASCON CHAMBIMBAL;CORREG CHAMBIMBAL;315-5546134 - 2372036;FREDY ARMANDO ARCE ZAPATA;OFICIAL;RURAL;4;gloriaestella.ospinaquiceno@yahoo.es
276122000201;IE GILBERTO ALZATE AVENDA•O;VDA AURES;3103594642;ELIZABETH CRISTINA MEDINA ABAUNZA;OFICIAL;RURAL;8;gilbertocaicedonia@sedvalledelcauca.gov.co
176130000461;I.E. INMACULADA CONCEPCION;CL 13 NO 14-23;2601189-315-8755074;OLIDAY GARCES CAMPI•O;OFICIAL;RURAL;8;inmaculadacandelaria@sedvalledelcauca.gov.co
276130000181;I.E. PANEBIANCO AMERICANO;MZ  17 II ETAPA;2601422-3234676872;MIRYAN LUCRECIA CABEZAS;OFICIAL;RURAL;4;poblado@sedvalledelcauca.gov.co
176147000015;SOR MARIA JULIANA;CL 21 5 111;2108578 - 2107273;GLORIA ESPERANZA PE•A COLLAZOS;OFICIAL;URBANA;4;iesormariajuliana@hotmail.com iesormariajuliana@semcartago.gov.co
176147000716;RAMON MARTINEZ BENITEZ;KR 6 4 70 ;214 58 76;VIVIANA MOLINA MORALES;OFICIAL;URBANA;6;ieramonmartinezbenitez@semcartago.gov.co
276243000497;IE SANTA MARTA;VDA SANTA MARTA;312-2718012;LILIANA DEL SOCORRO AGUDELO VELASQUEZ ;OFICIAL;RURAL;16;santamartaelaguila@sedvalledelcauca.gov.co
276318000277;IE SIMON BOLIVAR;CORREG DE SONSO;2559575-3122605917;DORIS AMPARO MOSQUERA CAICEDO ;OFICIAL;RURAL;3;simonguacari@sedvalledelcauca.gov.co
276377000078;IE FRANCISCO DE PAULA SANTANDER;CR 8 NO 3-35;304 5383774 320 7058667;RUBEN DARIO CARDENAS RIOS;OFICIAL;RURAL;7;francisco@sedvalledelcauca.gov.co
276400000609;I.E. QUEBRADAGRANDE;CORREG QUEBRADAGRANDE;3113405578-3053746697;HECTOR HELI RAMIREZ GIRALDO;OFICIAL;RURAL;16;quebrada@sedvalledelcauca.gov.co
176400000027;IE JUAN DE DIOS GIRON;CLL 17 NO 17-42;321 7155862;DEIFA NORY BORJA VELEZ;OFICIAL;RURAL,URBANA;4;juandedios@sedvalledelcauca.gov.co
176497000093;IE SAN JOSE;CR 2 NO 6-18;2053119  -3154001878;LINO ARTURO PUENTES RODRIGUEZ;OFICIAL;RURAL,URBANA;11;sanjoseobando@sedvalledelcauca.gov.co
276520000564;IE DE TABLONES;CORREG TABLONES;3162522943;GLORIA MERCEDES SALCEDO;OFICIAL;RURAL;9;glomelsal@hotmail.com
176520000454;IE SAGRADA FAMILIA;KR 23 31 06;2728072;JULIO CESAR CRUZ ESCOBAR;OFICIAL;URBANA;3;nellydawa@hotmail.com
176622000068;IE BELISARIO PE•A PI•EIRO;CLL 11 NO 6-55;2299262 318 5023716;MIRYAM AYDE BENITEZ CANO;OFICIAL;URBANA,RURAL;13;belisario@sedvalledelcauca.gov.co
276622000577;IE SANTA ROSALIA DE PALERMO;CORREG MORELIA;3152678588;MILENA  AYALA VALENCIA;OFICIAL;RURAL;16;santarosalia@sedvalledelcauca.gov.co
276736000291;IE SANTA MARTA;CORREG DE CUMBARCO;2198526;JOSE LUIS JIMENEZ RODRIGUEZ;OFICIAL;;0;santamartasevilla@sedvalledelcauca.gov.co
276736000810;IE BENJAMIN HERRERA;VDA LA MILONGA;3165795209;JOSE LUIS JIMENEZ RODRIGUEZ;OFICIAL;RURAL;10;benjaminsevilla@sedvalledelcauca.gov.co
176823000384;IE NUESTRA SE•ORA DE LA CONSOLACION;CR 3 NO 6 - 19;2210150-;MARTHA LUCIA BORJA;OFICIAL;URBANA,RURAL;6;laconsolacion@sedvalledelcauca.gov.co
276828000115;IE ANTONIOJOSE DE SUCRE;CORREG ANDINAPOLIS;3113803615;FERNANDO WALTER MARTINEZ MORENO;OFICIAL;RURAL;7;antoniotrujillo@sedvalledelcauca.gov.co
276828000123;IE CRISTOBAL COLON;CORREG VENECIA;2209495;ALVARO JOSE GUZMAN LONDO•O;OFICIAL;RURAL;5;cristobaltrujillo@sedvalledelcauca.gov.co
276828000174;IE SAN ISIDRO;VDA EL TABOR PUENTE BLANCO;2267328;LUZ MERY ROJAS SANCHEZ;OFICIAL;RURAL;11;sanisidrotrujillo@sedvalledelcauca.gov.co
276834000755;CENTRO EDUCATIVO PUERTO FRADAZAS;VEREDA PUERTO FRAZADAS;2260633;JUAN DE DIOS GONZALEZ;OFICIAL;;0;
176834003946;INSTITUCION EDUCATIVA ALFONSO LOPEZ PUMAREJO;KR 23 14 54;2244842;GUZMAN DAVILA GILBERTO ;OFICIAL;URBANA;8;iealfonsolopez@semtulua.gov.co
276869000138;IE ANTONIO JOSE DE SUCRE;CORREG DE LA FRESNEDA;- 3206877472;CELINA SANTOS RENGIFO;OFICIAL;RURAL;11;antoniovijes@sedvalledelcauca.gov.co
176892000141;IE JOSE MARIA CORDOBA;KR 6 11 04 ;6955706-3148304226;ABDUL SOLORZANO AVILA;OFICIAL;URBANA;3;josemariayumbo@sedvalledelcauca.gov.co
276892000200;IE GENERAL SANTANDER;CORREG MONTA•ITAS;3183421863;MARCO ANTONIO ROLDAN VARELA;OFICIAL;RURAL;5;generalyumbo@sedvalledelcauca.gov.co
276364000575;IE LA GRAN COLOMBIA;CORREG VILLA COLOMBIA;;CARMEN AMPARO RENDON GUALTEROS;OFICIAL;;0;lagrancolombia@sedvalledelcauca.gov.co
176109000770;INSTITUCION EDUCATIVA VASCO NU•EZ DE BALBOA;CL 6 23 A 11;;JOSE ELIECER VALENCIA VIVEROS;OFICIAL;URBANA;5;vascobuenaventura@gmail.com - joelvavi125@yahoo.es
176001003918;INSTITUCION EDUCATIVA JUAN  XXIII;CL 46 28 F 31 ;4416028 ;GLADYS RIVAS ARENAS;OFICIAL;URBANA;6;iejuan23@iejuan23cali.edu.co
176001030788;INSTITUCION EDUCATIVA TECNICA CIUDADELA DESEPAZ;IND KR 23 120 G 16;4200125;MANUEL ESTEBAN RIASCOS MONTA•O;OFICIAL;URBANA;1;mriascosm@hotmail.com
176001008723;INSTITUCION EDUCATIVA MANUEL MARIA MALLARINO;IND CALLE 63 CR 7 L BIS # 63-10;3797428 ;LUZ ANGELA PINZON HOYOS;OFICIAL;URBANA;4;luzapinzon@gmail.com
176001016491;INSTITUCION EDUCATIVA TECNICA GABRIEL GARCIA MARQUEZ;IND KR 29 B 54 00;4005451 4264409;WALTER MORENO CRESPO;OFICIAL;URBANA;3;institucional@iegabrielgmarquezcali.edu.co
176001001729;INSTITUCION EDUCATIVA TECNICA DE COMERCIO SIMON RODRIGUEZ;IND KR 1 D BIS 49 98;4462311 / 310 8963584;ISABEL CRISTINA REYES RAMOS;OFICIAL;URBANA;3;admin@iesimonrodriguezcali.edu.co iscrera@hotmail.com
176001001818;INSTITUCION EDUCATIVA DE SANTA LIBRADA;IND CL 7 # 14 A - 106;8858838 - 8858836 - 8858828;MONICA PATRICIA MEDINA GUTIERREZ;OFICIAL;URBANA;8;iedesantalibradacali@gmail.com
276001012831;INSTITUCION EDUCATIVA FELIDIA;CORREGIMIENTO FELIDIA;321 6426294 ;LUZ MERY ABELLA;OFICIAL;RURAL;3;iefelidia@gmail.com
276001011184;INSTITUCION EDUCATIVA LOS ANDES;IND CORREGIMIENTO LOS ANDES VEREDA EL CABUYAL SECTOR VENTIADEROS;315 4728030;JORGE ENRIQUE TEJADA PUENTES;OFICIAL;RURAL;3;rectoriaielosandes@gmail.com
276001005133;INSTITUCION EDUCATIVA VILLACARMELO;VEREDA LA FONDA;5517522;CAROLINA RIVERA PEREZ;OFICIAL;RURAL;2;villacarmelocali@gmail.com
176001004973;INSTITUCION EDUCATIVA ISAIAS GAMBOA;IND AV 4 OESTE 12 05;8829377  ;NELLY MARINA GUAYUPE SANTOS;OFICIAL;URBANA;5;guayupina@yahoo.es
176001008766;INSTITUCION EDUCATIVA LUIS FERNANDO CAICEDO;AV 5 A OESTE 47 A 04 BR IND ;8944361 8944316;DANIEL ANGULO OBREGON;OFICIAL;URBANA;2;rectorluisfcaicedo@gmail.com
176147000376;GABO;KR 11 CL 16 ;2108665;FRANCISCO ELADIO QUI•ONES MARINEZ;OFICIAL;URBANA;3;iegabo@hotmail.com
276364001458;I.E. SAN ANTONIO;CORREG SAN ANTONIO;3103821468;PEDRO MINA CASTILLO;OFICIAL;RURAL;5;edusanantonio@jamundi.gov.co
276364000141;I.E. ALFREDO BONILLA MONTA•O;KM 27 VIA PANAMERICANA;3004730559;PATRICIA  AVENDA•O PAYAN;OFICIAL;RURAL;5;edubonilla@jamundi.gov.co
176001002555;INSTITUCION EDUCATIVA TECNICA COMERCIAL HERNANDO NAVIA VARON;KR 26 P 50 39 ;4438995 - 4380640;BILMER CALERO PADILLA;OFICIAL;URBANA;3;admin@iehernandonaviacali.edu.co
176001008642;INSTITUCION EDUCATIVA CARLOS HOLGUIN LLOREDA;KR 40 18 85 ;3362302;MARIA EUGENIA CEDE•O LOAIZA;OFICIAL;URBANA;4;carlosholguinlloreda@hotmail.com
176001020359;INSTITUCION EDUCATIVA RAFAEL NAVIA VARON;IND CL 11# 46 40;5529902 / 5547094 5547095;CARLOS HIDALGO BOLA•OS;OFICIAL;URBANA;3;admin@ienaviavaroncali.edu.co
176020000032;IE SAN JOSE;CL 5 5 82;2004125-3147137172;MARIA NOELLY BEDOYA;OFICIAL;URBANA;2;sanjosealcala@sedvalledelcauca.gov.co
176054000023;IE GILBERTO ALZATE AVENDA•O.;CL 3 A 1 37;2068196-3117469196;LUZ DARY HERRERA;OFICIAL;URBANA;3;gilbertoargelia@sedvalledelcauca.gov.co
276109000235;I.E. FRANCISCO JAVIER CISNEROS;CORREGIMIENTO CISNEROS;3206090923;PEDRO ISABEL RIASCOS RIASCOS;OFICIAL;RURAL,URBANA;8;inefrajacis@hotmail.com
176109000575;NORMAL SUPERIOR JUAN LADRILLEROS;CL 1 A 47 D 40 BR EL CRISTAL ;2448779-320-6136942;NEIDA MARGOT MINA ROSAS;OFICIAL;URBANA;1;
576109005410;COLEGIO COOPERATIVO REAL DEL PACIFICO ;CALLE 5A N¯ 10-41;;MARIA PERCIDES MONTA•O;OFICIAL;URBANA;3;
276109005709;INSTITUCI‡N EDUCATIVA TêCNICO AGROPECUARIO NACHASIN ;VDA LA DELFINA;;GONZALO HILAMO MEZA;OFICIAL;RURAL;4;nachasin2014@hotmail.com
176111001104;IE ACADEMICO;IND CR 9 NO. 2 SUR-55;2366919;RODOLFO CHICA;OFICIAL;URBANA;5;ieacademicobuga@gmail.com
176122000380;IE BOLIVARIANO;CLL 5 NO 11-15;2160352-2160524 -3173667869;LUIS CARLOS VELASCO JIMENEZ;OFICIAL;RURAL,URBANA;9;bolivariano@sedvalledelcauca.gov.co
276122000872;IE LA CONSOLITA;VDA SAMARIA;3103874060;JUAN DE DIOS GONZALEZ GARCIA;OFICIAL;RURAL;9;laconsolita@sedvalledelcauca.gov.co
176126000066;IE SIMON BOLIVAR;CR 10 NO 9-43;2533073;ESPERANZA NARVAEZ BURGOS;OFICIAL;URBANA,RURAL;12;simoncalima@sedvalledelcauca.gov.co
276233000715;IE BORRERO AYERBE;BARRIO LA ZULIA;3127963388;GLADIS URCUE FAJARDO;OFICIAL;RURAL;6;borrero@sedvalledelcauca.gov.co
176377000014;IE SIMON BOLIVAR;CR 1 NO 3-14;3116300344;AMANDA BORRERO GORDILLO;OFICIAL;URBANA,RURAL;3;simonlacumbre@sedvalledelcauca.gov.co
176403000036;IE MANUEL ANTONIO BONILLA;CL 10 3 40 ;2203507  313 7495156;ERIKA MARCELA ESCOBAR HERNANDEZ;OFICIAL;URBANA;4;manuelantonio@sedvalledelcauca.gov.co
176520000489;IE NUESTRA SE•ORA DEL PALMAR;KR 28 37 81;2759426;NANCY NELLY ROSALES GUERRERO;OFICIAL;URBANA;3;i.e.n.s.p@hotmail.com
176563000024;IE ATENEO;CL 6 9 18 ;2674449-313-7683419;MARIA DOLLY MORA ROA;OFICIAL;URBANA;5;ateneo@sedvalledelcauca.gov.co
276606000541;I.E. TEODORO MUNERA HINCAPIE;VDA. SANTA ROSA;313-7457842;JUAN CARLOS HOYOS VIVAS;OFICIAL;RURAL;6;teodoro@sedvalledelcauca.gov.co
176616000013;IE PRIMITIVO CRESPO;CLL 5 VIA A TULUA;2268196;SIXTA TULIA MOERNO MINA.;OFICIAL;URBANA,RURAL;5;primitivo@sedvalledelcauca.gov.co
276736000445;CE LA BETULIA;CORREG CEBOLLAL;3015851104;JAIRO ZULUAGA GALVIS;OFICIAL;;0;labetulia@sedvalledelcauca.gov.co
176828000021;IE JULIAN TRUJILLO;CR 18 NO 15-40;2266362 316 8717295;LUIS FERNANDO GARCIA ROMAN;OFICIAL;URBANA,RURAL;7;julian@sedvalledelcauca.gov.co
176834000092;INSTITUCION EDUCATIVA JULIA RESTREPO;CL 27 33 42;2243531;RESTREPO CASTA•O GLADYS ;OFICIAL;URBANA;5;iejuliarestrepo@semtulua.gov.co
176834000289;INSTITUCION EDUCATIVA TEC INDUSTRIAL CARLOS SARMIENTO LORA;KR 30 10 00;2243289;JOSE ANTONIO RAVE SAENZ;OFICIAL;URBANA;3;industrialcsl@hotmail.com
176834000351;INSTITUCION EDUCATIVA CORAZON DEL VALLE;KR 27 CL 22 EQ;2243201;JOSELIN RUSSY COY;OFICIAL;URBANA;8;iecorazon@semtulua.gov.co
176892000108;IE JUAN XXIII;CL 20 13 A 16 <EOF>;3138759672;VIVIAM SANCHEZ SATIZABAL;OFICIAL;URBANA;2;juan23yumboene16@gmail.com
176895000168;IE EFRAIN VARELA VACA;CLL 12 CR 10 ESQUINA;2222040  318 6234870;SORAYA LIBREROS OCHOA;OFICIAL;RURAL,URBANA;7;efrain@sedvalledelcauca.gov.co
176895000044;IE ANTONIO NARI•O;CR 4 CLL 9 ESQUINA;2205028- 3185201866;NANCY RAMOS MOLINA;OFICIAL;RURAL;2;antoniozarzal@sedvalledelcauca.gov.co
476054000019;IE SANTIAGO GUTIERREZ ANGEL;VDA LA ESTRELLA;2068114-3207596780;BLANCA ALEYDA GALEANO SUAREZ;OFICIAL;RURAL;20;santiagogutierrez@sedvalledelcauca.gov.co
176001024273;INSTITUCION EDUCATIVA JESUS VILLAFANE FRANCO;IND CL 72 P TRANSVERSAL72 S ESQUINA;4266119 4260899 / 314 6210265;NESTOR RAUL VELEZ ZU•IGA;OFICIAL;URBANA;2;nestoraulvelez@gmail.com
276001022267;INSTITUCION EDUCATIVA PICHINDE;IND CORREGIMIENTO PICHINDE;313 7633895;ALFREDO NONATO GOYES HERNANDEZ;OFICIAL;RURAL;3;administrador@iepichindecali.edu.co alfredogoyes@hotmail.com
176001043791;INSTITUCION EDUCATIVA NUEVO LATIR;IND CL 76 28 20;4140777 / 3003446778 - 3183892024 ;HUGO ALBERTO LOZANO VALDERRAMA;OFICIAL;URBANA;2;juana.pipe@hotmail.com albertohugo@hotmail.com
176001800052;INSTITUCION EDUCATIVA LLANO VERDE ;CL 57 KR 47 Y 50 ;4850227 EXT 1011;MOISES DANIEL PAZ CERON;OFICIAL;URBANA;11;asis.cobertura@arquidiocesanos.edu.co
276100000259;IE PRIMAVERA;VDA EL EDEN;3152939773-3218518757;DIEGO FERNANDO ORTEGA RIOS;OFICIAL;RURAL;9;primavera@sedvalledelcauca.gov.co
176246000337;IE LA PRESENTACION;CR 4 NO 7-46;2077237  314-8034002;LILIANA ARISTIZABAL MEJIA;OFICIAL;URBANA,RURAL;24;lapresentacion@sedvalledelcauca.gov.co
276306000336;IE DE DESARROLLO RURAL LA SELVA;ZONA RURAL DE GINEBRA;3157688504;LUIS ALFREDO LOZANO BECERRA;OFICIAL;RURAL;7;laselva@sedvalledelcauca.gov.co
276364000036;I.E. AGRICOLA PRESBITERO HORACIO GOMEZ GALLO;CLL 3 NO 4-05;5504089;MARTHA LUCIA ESPINOSA RIVERA;OFICIAL;RURAL;8;edugomez@jamundi.gov.co
276364001024;I.E. GENERAL PADILLA;VDA LA ESTRELLA;3127926904;EDINSON AGUDELO BONILLA;OFICIAL;RURAL;6;edupadilla@jamundi.gov.co
176520002244;IE MERCEDES ABREGO;KR 13 36 09;2714179;GILMA ERENETH LOZANO DURAN;OFICIAL;URBANA;4;adrianamezquita@hotmail.com
176520002163;IE DOMINGO IRURITA;CL 23 33 A 17 ;2728103 - 2714226;ITALO REYES GONZALEZ;OFICIAL;URBANA;6;italodomingoirurita@gmail.com
176001005805;INSTITUCION EDUCATIVA CIUDAD MODELO;IND KR 40 B CL 31 C;3372920 3266147;DIEGO ALBERTO SALCEDO MONTOYA;OFICIAL;URBANA;2;ieciudadmodelo@ieciudadmodelocali.edu.co
276109001011;ROSA ZARATE DE PE•A;IND BAZAN-BOCANA;3154164598 ;JUAN GABRIEL GONZALEZ VERGARA;OFICIAL;RURAL;8;rosazarate01@hotmail.com
176109001806;TEOFILO ROBERTO POTES;KR 47 5 17;3117206909-2432242-2439278-2425469;LIBARDO RIASCOS PERLAZAS;OFICIAL;URBANA;1;ineterpo@hotmail.com- li.bardo1961@hotmail.co
176109000427;JUAN JOSE RONDON;KR 38 2 24 ;2448157-3105009070;ELDA MIREYA ANGULO MEDINA;OFICIAL;URBANA;3;ijjrondon@hotmail.com
176109000516;JOSE RAMON BEJARANO;KR 41 7 D 05;2427193- 3183602124;CARMEN ELENA QUI•ONES;OFICIAL;URBANA;5;ramonbejarano25@hotmail.com
276109000464;NI•O JESUS DE PRAGA;IND LA COLONIA-BAJO CALIMA;3154899362;MIRIAM ANGULO MOSQUERA;OFICIAL;RURAL;6;mrmangulo@gmail.com
276109000910;SILVANO CAICEDO GIRON;CORREGIMIENTO ANCHICAYA;3122925995-3177084487-2426926/2422215;ZORAYDA MOSQUERA RODRIGUEZ;OFICIAL;RURAL,URBANA;14;iesilvanocaicedo@gmail.com
276113000011;IE  CEILAN;VDA CAMPOALEGRE KM 2 V÷A SEVILLA;3216558380;GLORIA PATRICIA AVILA ZAPATA;OFICIAL;RURAL;12;ceilan@sedvalledelcauca.gov.co
276122000295;IE SAN ISIDRO;VDA MONTEGRANDE;3116094149;ANA MILENA GARCIA GOMEZ;OFICIAL;;0;sanisidrocaicedonia@sedvalledelcauca.gov.co
276130000628;IE RODRIGO LLOREDA CAICEDO;CR  10 ENTRADA PRINCIPAL EL CARMELO;310-5699514-3105149206;ARBEY BUSTAMANTE VALDES;OFICIAL;RURAL;6;rodrigocandelaria@sedvalledelcauca.gov.co
176147000112;INDALECIO PENILLA;CL 43 2 199;2119200-2119209;JORGE ENRIQUE AGRADO RESTREPO;OFICIAL;URBANA;5;ieindaleciopenilla@hotmail.com ieindaleciopenilla@semcartago.gov.co
176147000678;MANUEL QUINTERO PENILLA;CL 9 9 39;3103864597;CARLOS ALBERTO CARDONA ECHEVERRY;OFICIAL;URBANA;1;iemanuelquinteropenilla@hotmail.com i.emqp@semcartago.gov.co
176243000026;IE EL AGUILA;CR 6 CALLE 11 ESQUINA;310-6961297 314-6072832;RAMIRO DE JESUS GONZALEZ ALZATE;OFICIAL;RURAL,URBANA;14;elaguila@sedvalledelcauca.gov.co
176248000024;IE JORGE  ISAACS;CR 8 NO 7-29;321-7323187;MAG.MARTHA ISABEL MERA SAAVEDRA;OFICIAL;URBANA,RURAL;8;jorgecerrito@sedvalledelcauca.gov.co
276250000150;IE ACERG;CORREG LA HONDURA;0385245763  313-6593903;ADRIANA EUFEMIA ABADIA VALENCIA;OFICIAL;RURAL;29;acerg@sedvalledelcauca.gov.co
276318000099;IE GENERAL SANTANDER;CORREG  SANTA ROSAS DE TAPIAS;313-7439783;MIRIAN DERLY QUINTERO SµNCHEZ;OFICIAL;RURAL;12;generalguacari@sedvalledelcauca.gov.co
276377000388;IE MARIA AUXILIADORA;CORREG LOMITAS;2520392 -    3175768234;OLGA LUCIA SAMBONI IZQUIERDO;OFICIAL;RURAL;7;mariaauxiliadoralacumbre@sedvalledelcauca.gov.co
176400000019;IE SAN JOSE;KR 14 13 25;2293145-3113678252;HNA MARIA ELVIRA ARIAS DAGUA;OFICIAL;URBANA;3;lesanjose@col2.telecom.com.co
176400000043;IE MAGDALENA ORTEGA;KR 14 15 85;2293225;MIRYEI REYES;OFICIAL;URBANA;2;magdalena@sedvalledelcauca.gov.co
276403000031;IE NUESTRA SE•ORA DE LA PAZ;CORREG DE MIRAVALLES; 3113833460;MARIA PATRICIA MEJIA BLANDON;OFICIAL;RURAL;7;nuestralavictoria@sedvalledelcauca.gov.co
176520000519;IE DEL VALLE;KR 27 42 22;2734114-3187072327;HARVEY CANDELO QUINTERO;OFICIAL;URBANA;3;iedelva@yahoo.com
276520002346;IE JOSE ASUNCION SILVA;LA TORRE;2685544;SALOMON MARTINEZ PEDRAZA;OFICIAL;RURAL;3;secretariajaspalmira@gmail.com
276606000290;IE JOSE ACEVEDO Y GOMEZ;CORREG LA GUAIRA;3128405695  3174040988;JOHN JAMILTON RAMIREZ CONCHA;OFICIAL;RURAL;11;joseacevedo@sedvalledelcauca.gov.co
276606000469;IE JULIO FERNANDEZ MEDINA;VIA LA CUMBRE VEREDA SAN PABLO;3113543034;JADER ALVARADO SAAVEDRA;OFICIAL;RURAL;9;juliofernandez@sedvalledelcauca.gov.co
276670000210;IE MIGUEL ANTONIO CARO;CORREG PRESIDENTE;2009423 -3155910904;LUCELLY CRUZ DE GIL;OFICIAL;RURAL;7;miguelsanpedro@sedvalledelcauca.gov.co
176736000033;IE GENERAL SANTANDER;CL 56 KR 47 ESQ ;2196208 2198910;LUZ EDDY LOPEZ GIRALDO;OFICIAL;URBANA;10;generalsevilla@sedvalledelcauca.gov.co
276736000143;IE DOCE DE OCTUBRE;CORREG TOTORO;3113409366;MARLENY  GONZALEZ ARCILA;OFICIAL;RURAL;9;docedeoctubre@sedvalledelcauca.gov.co
276736000321;IE MARIA AUXILIADORA;VDA LA MELVA; 3152679925;REINALDO TORRES SANCHEZ;OFICIAL;RURAL;4;mariaauxiliadorasevilla@sedvalledelcauca.gov.co
176823000333;IE  TECNICA AGROPECUARIA TORO;CLL 18 NO 1-100;2210569- 311 6017117;STELLA RIVAS RIASCOS;OFICIAL;URBANA,RURAL;21;agropecuaria@sedvalledelcauca.gov.co
276863000543;IE CARLOS HOLGUIN SARDI;CORREG EL BALSAL;3114773177;JOSE SIGIFREDO VARGAS DELGADO;OFICIAL;RURAL;15;carlosholguin@sedvalledelcauca.gov.co
276100000542;IE NARANJAL;CORREG NARANJAL;3164964964;CARLOS ALBERTO RESTREPO CASTA•O;OFICIAL;RURAL;16;naranjal@sedvalledelcauca.gov.co
276109005814;COLEGIO NAVAL MALAGA;BASE NAVAL ARC MALAGA;2460662;JULIO CESAR BALANTA GONZALEZ;OFICIAL;RURAL;1;rcnm@armada.mil.co
176001002253;INSTITUCION EDUCATIVA NORMAL SUPERIOR LOS FARALLONES;IND KR 22 2 65 OESTE;5587300;RICARDO HEREDIA GIRALDO;OFICIAL;URBANA;8;institucional@ienormalsfarallonescali.edu.co
176001003586;INSTITUCION EDUCATIVA JUAN DE AMPUDIA;IND KR 12 57 13;3809395;HECTOR FABIO BOLA•OS BETANCOURT;OFICIAL;URBANA;3;eejuandeampudia@gmail.com
176001003161;INSTITUCION EDUCATIVA BARTOLOMê LOBOGUERRERO;CL 71 26 E 25 ;6632481;NORA CLAUDIA VILLAQUIRAN STERLING;OFICIAL;URBANA;2;iebartolomeloboguerrero@gmail.com
176001032055;INSTITUCION EDUCATIVA TECNICO INDUSTRIAL COMUNA 17;KR 53 18 A 25 ;3150537 ;RICARDO ARBEY MONTENEGRO GOMEZ;OFICIAL;URBANA;2;ie_ticomuna17@yahoo.com
176001017374;INSTITUCION EDUCATIVA GABRIELA MISTRAL;KR 27 D 96 06 ;3900731;MYRIAM PATRICIA DUQUE CASTILLO;OFICIAL;URBANA;4;mpatriciaduquec@yahoo.es
176001004256;INSTITUCION EDUCATIVA CRISTOBAL COLON;IND CR 47 A NO 44 62;3274972 / 300 6666267;FABIOLA VASQUEZ ESCOBAR;OFICIAL;URBANA;4;ie_cristobalcolon@yahoo.com
176001013301;INSTITUCION EDUCATIVA TECNICA DE BALLET CLASICO INCOLBALLET;KM 4 VIA - JAMUNDI;5553130 /5553764;EDID CONSUELO BRAVO PEREZ;OFICIAL;RURAL;2;registroacademico@incolballet.com secretariaacademica@incolballet.com
176001001672;INSTITUCION EDUCATIVA TECNICO DE COMERCIO SANTA CECILIA;IND CL -61-AN # 2GN-62;6642088;OMAR ZAPATA CANTOR.;OFICIAL;URBANA;6;ozapata24@gmail.com
176001001656;INSTITUCION EDUCATIVA GUILLERMO VALENCIA;IND KR 7 NORTE 45 A 08;4466502 / 316 4537569 / 314 8561790;CARLOS ARTURO COLLAZOS PARRA;OFICIAL;URBANA;4;sedepresbitero@gmail.com
176001007131;INSTITUCION EDUCATIVA CARLOS HOLMES TRUJILLO;IND CL 44 KR 43 ESQUINA;3384737 3923140 313 6065645;EDWIN HUMBERTO MANZANO CAMARGO;OFICIAL;URBANA;4;holmestrujillo@outlook.com manzanorectorcht@hotmail.com
176001006356;INSTITUCION EDUCATIVA LIBARDO MADRID VALDERRAMAMA;IND KR 41 H 39 73;3273564;ORLANDO QUINTERO;OFICIAL;URBANA;4;admin@ielibardomadridcali.edu.co
176306000013;IE GINEBRA LA SALLE;CR 1 NO 3-39;2561129 - 2563439;FAUDER  VELASCO BEDOYA;OFICIAL;RURAL,URBANA;6;lasalle@sedvalledelcauca.gov.co
276306000344;IE INMACULADA CONCEPCION;CR 4 NO 7-68;2561464;OBEIDA VALENCIA;OFICIAL;URBANA,RURAL;9;inmaculadaginebra@sedvalledelcauca.gov.co
176364000716;I.E. TECNICA COMERCIAL LITECOM;CL 11 11 05 ;5162009;JUDITH CAICEDO NAGLES;OFICIAL;URBANA;2;edulitecom@jamundi.gov.co
176364001313;I.E. TêCNICA INDUSTRIAL ESPA•A;KR 14 12 11 <EOF>;5921030;BERTHA ADONAI LASSO ESCOBAR;OFICIAL;URBANA;2;eduespana@jamundi.gov.co
276364000940;I.E. JOSE MARIA CORDOBA;CORREG TIMBA;3135546974;DORA ALICIA OTERO;OFICIAL;RURAL;4;educordoba@jamundi.gov.co
276520006635;IE MONSE•OR JOSE MANUEL SALCEDO;CORREG BOLO SAN ISIDRO;2661370;DIEGO DAVID JAMIOY OROZCO;OFICIAL;RURAL;7;elena-0909@hotmail.com
276364001661;I.E. GENERAL SANTANDER;CORREG VILLACOLOMBIA;5150576;OTILIA OLAYA JIMENEZ;OFICIAL;RURAL;13;edusantander@jamundi.gov.co
376001002546;COLEGIO NUESTRA SE•ORA DE FATIMA;CL 62 6 31 ;350 5511564  322 4487294;JOHANNA PATRICIA FLOREZ SILVA;OFICIAL;URBANA;1;mecal.gubie-rectoria@policia.gov.co
276109004648;SAN PEDRO CLAVER;CTO CABECERAS;3175314979;EDITH NOHELIA YEPES CALIME•O;OFICIAL;RURAL;3;iesanpedroclavel@gmail.com
276001003289;INSTITUCION EDUCATIVA NAVARRO;IND CABECERA CORREGIMIENTO NAVARRO.;3045256042;JORGE HERNANDO SANTOS.;OFICIAL;RURAL;2;admin@ienavarrocali.edu.co jorgehernandosantos@yahoo.com
176001008791;INSTITUCION EDUCATIVA BOYACA;IND KR 33 A 25 25;3353916;YADIRA LOPEZ COBO;OFICIAL;URBANA;3;admin@ieboyacacali.edu.co
276041000363;IE SANTA INES;CORREG EL VERGEL;2156640 3152939773 -3127499641;CESAR TULIO PESCADOR PESCADOR;OFICIAL;RURAL;9;santaines@sedvalledelcauca.gov.co
276041000746;IE EL PLACER;VDA EL REAL PLACER;314-7398268-3188641469;ALVAREZ RODAS CARLOS FERNANDO;OFICIAL;RURAL;13;elplaceransermanuevo@sedvalledelcauca.gov.co
176109005836;NESTOR URBANO TENORIO;KR 84 2 S 12 ;240662-3168835410;CESAR ENRIQUE LOBON MURILLO;OFICIAL;URBANA;5;i.e.nut@hotmail.com
276109002661;NUESTRA SE•ORA DEL PERPETUO SOCORRO;VDA.  PAPAYAL;3174952433;LIBIA ERINA CANDELO CHAVEZ;OFICIAL;RURAL;8;nuseperso@hotmail.com
276109001029;JOSE ACEVEDO Y GOMEZ;RIO CAJAMBRE;3122309237;NUBIA ESTELLA MINA ROSAS;OFICIAL;RURAL;16;jaceygomez@hotmail.com
176109002802;INSTITUCION EDUCATIVA DIOCESANA JESUS ADOLESCENTE;IND CL 6 KR 6 TRIUNFO CARR. SIMON BOLIVAR VIA AEROPUERTO  KM 13;317 405 18 12 - 242 53 82;MARIO HUMBERTO GORGONA CUENU;OFICIAL;URBANA;1;mago-c-@hotmail.com
537610901797;COLEGIO CRISTIANO CUERPO DE CRISTO;KR 17 2 32;;LEYDA LUZ ASPRILLA GARCES;OFICIAL;URBANA;1;
276111000889;IE NUESTRA SENORA DE FATIMA;CORREG LA MARIA;2396434;NELGY ALFARY AZCARATE;OFICIAL;RURAL;3;fatimabuga889@yahoo.com
276122000864;IE ANTONIA SANTOS;VDA  BURILA;2161557 3105148889;LUZ AMPARO RAMIREZ OTALVARO;OFICIAL;RURAL;5;antoniacaicedonia@sedvalledelcauca.gov.co
276233001240;IE CRISTOBAL COLON;VDA TOCOTA;3183066580-3183066594;LOPEZ GARCIA OSCAR EDUARDO;OFICIAL;RURAL;7;cristobaldagua@sedvalledelcauca.gov.co
276233000651;IE EL QUEREMAL;CORREG EL QUEREMAL;3207975657 - 3122581572 ;JACINTA HELENA MU•OZ LASSO ;OFICIAL;RURAL;9;queremal@sedvalledelcauca.gov.co
276248000321;IE HERNANDO BORRERO CUADROS;CORREG TENERIFE;310-5066+739 - 316-6680236;GLORIA SOTELO ALPALA;OFICIAL;RURAL;8;hernandocerrito@sedvalledelcauca.gov.co
276248000355;IE JORGE  ISAACS EL PLACER;CARRERA 2 NO. 5-53;3225133496;RAFAEL TRUJILLO CEFERINO;OFICIAL;RURAL;2;jorgeplacer@sedvalledelcauca.gov.co
176275000010;IE LAS AMERICAS;CR 19 NO 9-66;2642106  - 312-7821495;MIGUEL  BRITTO JIMENEZ;OFICIAL;RURAL,URBANA;8;lasamericas@sedvalledelcauca.gov.co
276275000154;IE JOSE MARIA CORDOBA;CORREG SAN FRANCISCO EL LLANITO;2562706;RODRIGO EMIRO GARCIA PLAZA;OFICIAL;RURAL;13;josemariaflorida@sedvalledelcauca.gov.co
276318000226;IE JOSE IGNACIO OSPINA;GUABITAS;301-4912551 310-4912551;MARIA ELENA TORO MESA;OFICIAL;RURAL;5;joseignacio@sedvalledelcauca.gov.co
176403000079;IE SANTA TERESITA;CR 7 NO 7-40;2203378-3122966932;TORO VILLA MARIA ESTRELLA;OFICIAL;URBANA,RURAL;3;santateresitalavictoria@sedvalledelcauca.gov.co
176520003054;IE JUAN PABLO II;CLL 47 NO.40-03;2836423-3184151952;LEO HUMBERTO BORJA CORRALES;OFICIAL;URBANA,RURAL;3;iejpabloll@sempalmira.gov.co
176520000527;IE SAN VICENTE;CL 28 29 41 ;272 28 57-3154635110;PATRICIA DURAN CESPEDES;OFICIAL;URBANA;4;rectoriadesanvicente@gmail.com
276520002052;IE SEBASTIAN DE BELALCAZAR;CALLE19 185 GUANABANAL;316-4282306 y 310-3893275;ALFREDO RODRIGUEZ AVILES;OFICIAL;RURAL;6;notas-sb@hotmail.com
176520000497;IE CARDENAS CENTRO;KR 28 36 29;2873333;GUSTAVO WILLIAM ARBOLEDA;OFICIAL;URBANA;1;rectoria@cardenascentro.edu.co secretaria@cardenascentro.edu.co
176520002279;IE LA MILAGROSA;KR 28 33 12;2728130;JOSE JAIRO MORENO ROJAS;OFICIAL;URBANA;3;ielamilagrosa@sempalmira.gov.co mater_bs@hotmail.com
176520002520;IE MARIA ANTONIA PENAGOS;KR 31 15 A 40 ;2737646-2708090;ANGEL MARIA MORALES CASTRILLON;OFICIAL;URBANA;4;mariaantoniapenagos@yahoo.es
276563000223;IE MARCO FIDEL SUAREZ;CORREG SAN ISIDRO;2671241;GLORIA  PATRICIA TIGREROS;OFICIAL;RURAL;8;marcofidel@sedvalledelcauca.gov.co
176736000025;IE SEVILLA;CL 48 50 69 ;;NOREMBERG  CALDERON VIVI;OFICIAL;URBANA;12;sevilla@sedvalledelcauca.gov.co
476736000258;IE HERACLIO URIBE URIBE;VDA EL CRUCER0;3137496187 ;EDNA MARGOT GARCIA RAMIREZ;OFICIAL;RURAL;10;heraclio@sedvalledelcauca.gov.co
176834000106;INSTITUCION EDUCATIVA MODERNA DE TULUA;CL 27 VI RIOFRIO;2307122;SANDRO VILLEGAS ALZATE;OFICIAL;URBANA;6;ielamoderna@semtulua.gov.co
176834000394;INSTITUCION EDUCATIVA MARIA ANTONIA RUIZ;CL 29 30 61;2242361;NUBIA PADILLA CARDONA;OFICIAL;URBANA;6;iemariaantonia@outlook.es
176834003989;INSTITUCION EDUCATIVA TECNICA OCCIDENTE;IND VIA TRES ESQUINAS;2306584;ANA FRANCY GOMEZ QUINTERO;OFICIAL;URBANA;4;
276869000171;IE VEINTE DE JULIO;CORREG VILLAMARIA;3175262833;HUGO NIETO LOPEZ;OFICIAL;RURAL;6;veintedejulio@sedvalledelcauca.gov.co
276892001133;IE JOSE ANTONIO GALAN;SAN MARCOS;3216396606;ALICIA TULANDE PAZ;OFICIAL;RURAL;4;joseantonioyumbo@sedvalledelcauca.gov.co
176001020693;INSTITUCION EDUCATIVA HUMBERTO JORDAN MAZUERA;IND KR 26 I NO 72H2 - 25;6561290 / 312 7586320;ERAZMO MINA RODRIGUEZ;OFICIAL;URBANA;4;admin@iehumbertojordancali.edu.co erazmomina@gmail.com
176001004485;INSTITUCION EDUCATIVA JUANA DE CAICEDO Y CUERO;KR 50 1 85 ;5190421 - 317 5109138;OSCAR SANCHEZ HERNANDEZ;OFICIAL;URBANA;3;admin@iejuanadecaicedocali.edu.co
176001004329;INSTITUCION EDUCATIVA EVARISTO GARCIA;CL 32 17 41 ;3451468;CESAR AUGUSTO CASTRILLON AROCA;OFICIAL;URBANA;4;ie.evaristogarciacali@gmail.com
176001012101;INSTITUCION EDUCATIVA JUAN PABLO II;CL 1 A 78 23 ;324 0917;DORIS DEL CARMEN ZARAMA MARTINEZ ;OFICIAL;URBANA;4;admin@iejuanpablocali.edu.co
176001001699;INSTITUCION EDUCATIVA LA MERCED;CL 47 4 E 30 ;3827677 / 320 6966514;ORLANDO REYES CAMPO;OFICIAL;URBANA;4;lamercededu@hotmail.com
176001006071;INSTITUCION EDUCATIVA SANTA FE;CL 34 17 B 41 ;4411626 / 3719880;ARLEISON ARCOS RIVAS;OFICIAL;URBANA;6;ie_santafe@iesantafecali.edu.co rectoriesantafe@gmail.com
176001001826;INSTITUCION EDUCATIVA JOSE MANUEL SAAVEDRA GALINDO;IND KR 11 A 28 25;443 18 19 / 317 4963346;HONORATO GAMBOA RUIZ;OFICIAL;URBANA;3;ie_saavedragalindo@iesaavedragalindocali.educ.co
276001011354;INSTITUCION EDUCATIVA MONTEBELLO;IND AV 43 OESTE # 5A-49;8888760;CLARA INES CRUZ PERDOMO;OFICIAL;RURAL;3;admin@iemontebellocali.edu.co
176111000469;IE NARCISO CABAL SALCEDO;CL 2 8 47 ;2384047;GLORIA EUGENIA PEREZ QUINTERO;OFICIAL;URBANA;4;rectoria@iencs.edu.co
276520005248;IE SEMILLA DE LA ESPERANZA;CORREGIMIENTO DE AMAIME;2867030;JOSE ANGEL NIEVA PAZ;OFICIAL;RURAL;4;iesemillae@gmail.com
176520002708;IE SANTA BARBARA;KR 40 31 A 27 ;2872943--3012574087;ALVARO AVENDA•O ARIAS;OFICIAL;URBANA;4;iesbarbara.palmira07@gmail.com
276520001447;IE DE ROZO;AV 9  13 435 OLAYA HERRERA;2685495;MARIA MABEL CASTILLO;OFICIAL;RURAL;5;iederozo@gmail.com
176869000028;IE JORGE ROBLEDO;KR 4 7 86 ;092-2520258;ARBEY LONDO•O ARCILA;OFICIAL;URBANA;4;jorgevijes@sedvalledelcauca.gov.co
376001013521;LICEOS DEL EJERCITO PICHINCHA;IND CL 5 83 00;350 8285832 / 350 8285818;MARTHA BELLY GONZALEZ HERNANDEZ;OFICIAL;URBANA;1;rectoria.pichincha@liceosejercito.edu.co
176001004531;INSTITUCION EDUCATIVA NORMAL SUPERIOR SANTIAGO DE CALI;IND KR 33 A 12 60;3364797-98;CARLOS EMILIO PARRA DELGADO;OFICIAL;URBANA;2;normalsuperiorcali@hotmail.com
176001002881;INSTITUCION EDUCATIVA TECNICO INDUSTRIAL DIEZ DE  MAYO;KR 25 A 26 A 13 ;3345871;ILSE JANETH PALOMEQUE;OFICIAL;URBANA;2;institucional@iediezdemayocali.edu.co
176041000016;IE SANTA ANA DE LOS CABALLEROS;CR 3 NO 8-18;2052361-3176682435;JULIO CESAR CARVAJAL CASTA•O;OFICIAL;URBANA,RURAL;11;santaana@sedvalledelcauca.gov.co
176109007383;EL OLIMPICO;BARRIO SEIS DE ENERO;2437327;BEATRIZ PANCHANO;OFICIAL;;0;
176109000648;TERMARIT;CL 4 KR 53 72;2404012- 3168725415;HERMELIA TOBAR;OFICIAL;URBANA;3;instituciontermarit@hotmail.com - hermeliat@hotmail.com
176109005666;ANTONIO NARI•O;CL 6 SUR 56 60;2429052-2438739;RUFINO CELORIO;OFICIAL;URBANA;4;juandemetrio64@hotmail.com 
517610907001;CENTRO DE ALFABETIZACION;CRA 60 Y 61 CLL 4Ì;;BUENAVENTURA;OFICIAL;;0;
176111001015;IE SAN VICENTE;KR 15 7 09 ;2363783 - 2366494;WILLIAM LOPEZ SALGADO;OFICIAL;URBANA;6;wilosa1955@gmail.com
176111000515;IE MANUEL ANTONIO SANCLEMENTE;IND CL 4 A 1 26 E;2372755 - 2364259;MARIO DE JESUS SALAZAR ARIAS;OFICIAL;URBANA;6;margaritarepizo@hotmail.com
276147000656;MARISCAL ROBLEDO;CORREG PIEDRAS DE MOLER;;CARLOS HUMBERTO HERNANDEZ HIDALGO;OFICIAL;;0;
276233001029;IE PEDRO FERMIN DE VARGAS;CORREG EL DANUBIO;4469696-3508937222;LUZ AMERICA QUINONEZ MEZA;OFICIAL;RURAL;7;pedrofermin@sedvalledelcauca.gov.co
176246000663;IE GILBERTO ALZATE AVENDA•O;CR 7 CLL 12 ESQ.;2077156-3218511892;HECTOR ALARCON OLAYA;OFICIAL;URBANA,RURAL;19;gilbertoelcairo@sedvalledelcauca.gov.co
276377000311;IE LA LIBERTAD;VDA EL RETIRO;3138543568  318 7357272;JAMES IGNACIO MONTERO NARVAEZ;OFICIAL;RURAL;7;lalibertad@sedvalledelcauca.gov.co
176400000272;IE ARGEMIRO ESCOBAR CARDONA;CL 14 7 73 ;2293149-317 4003520;AIDA LUCIA MEJIA PULIDO;OFICIAL;URBANA;6;argemiro@sedvalledelcauca.gov.co
276497000608;IE MARIA ANALIA ORTIZ HORMAZA;CORREG VILLA RODAS;313 6665139 323-4039832;ABEL ANTONIO CARDONA ARANGO;OFICIAL;RURAL;8;mariaanalia@sedvalledelcauca.gov.co
176520002759;IE CARDENAS MIRRI•AO;CL 53 KR 28 ESQ;2864060;NANCY ROCIO BERNAL POSSO;OFICIAL;URBANA;5;iecmirrinao@sempalmira.gov.co liliana-3121@hotmail.com
176520000471;IE HUMBERTO RAFFO RIVERA;CL 42 CON KR 19 EQ;2758170-2730605;JULIO CESAR TILANO LOZANO;OFICIAL;URBANA;3;rafforivera@gmail.com
276563000045;I.E. MERCEDES ABREGO;CORREG EL RETIRO;267 05 58;JOSE LEIBER VILLEGAS;OFICIAL;RURAL;8;mercedes@sedvalledelcauca.gov.co
176606000163;IE JOSE FELIX RESTREPO;CLL 10 NO 16-07;2522582;CARLOS HUGO OSPINA GARCIA;OFICIAL;URBANA,RURAL;5;josefelix@sedvalledelcauca.gov.co
176606000422;IE JORGE ELIECER GAITAN;CL 9 14 32;2522415;NELSON DE JESUS RAMIREZ QUINTERO;OFICIAL;URBANA;2;jorgerestrepo@sedvalledelcauca.gov.co
276616000581;IE HERNANDO LLORENTE ARROYO;VIA  RIOFRIO;2008020 3104288524;DORIAN STELLA GAVIRIA VELASQUEZ;OFICIAL;RURAL;8;hernandoriofrio@sedvalledelcauca.gov.co
276622000305;CE RODRIGO LLOREDA CAICEDO;CORREG EL RETIRO;3108208769-2490656 GAGEM;MARIA EUFEMIA VINASCO LONDO•O;OFICIAL;RURAL;10;rodrigoroldanillo@sedvalledelcauca.gov.co
176823000066;IE FRAY JOSE JOAQUIN ESCOBAR;KR 3 12 45 ;2210578;JUAN MANUEL ALVAREZ GRAJALES ;OFICIAL;URBANA;6;frayjose@sedvalledelcauca.gov.co
276834000917;INSTITUCION EDUCATIVA  MONTELORO;CORREGIMIENTO MONTELORO;;RIASCOS HINESTROZA LUIS ENRIQUE;OFICIAL;RURAL;6;iemonteloro@semtulua.gov.co
276834001239;INSTITUCION EDUCATIVA LA MORALIA;CORREGIMIENTO LA MORALIA;2265452;OSWALDO CASTRO ORTIZ;OFICIAL;RURAL;8;
276834002243;INSTITUCION EDUCATIVA TECNICA LA MARINA;CORREGIMIENTO LA MARINA;2260776;CLAUDIA PIEDAD GOMEZ POTES;OFICIAL;RURAL;15;
276869000201;CE MARIANO OSPINA PEREZ;CORREG EL PORVENIR;;MARLENE  ESPINOSA SANCHEZ;OFICIAL;;0;marianoospina@sedvalledelcauca.gov.co
276890000091;IE GABRIELA MISTRAL;CORREG PUENTETIERRA;3185892820;NELSON ARTURO FRANCO GUZMµN;OFICIAL;RURAL;8;gabrielayotoco@sedvalledelcauca.gov.co
176892000213;IE TITAN;IND CLL 15A NO. 4N-08;6955651;LILIANA  RAMIREZ VARELA;OFICIAL;URBANA;4;titan@sedvalledelcauca.gov.co
176892000281;IE ALBERTO MENDOZA MAYOR;CL 13 KR 7 ;6691910;LUZ MARINA YEPES LATORRE;OFICIAL;URBANA;2;irmertorres@gmail.com
276892000081;IE POLICARPA SALAVARRIETA;KM 9 VIA DAPA;5221266;GIOVANNA  PE•A MILLAN;OFICIAL;RURAL;5;policarpayumbo@gmail.com
276834000941;INSTITUCION EDUCATIVA ALTO ROCIO;VEREDA ALTO ROCIO;3012034589;ISABEL CRISTINA GOMEZ MARQUEZ;OFICIAL;RURAL,URBANA;6;iealtorocio@semtulua.gov.co
537610904794;CENTRO EDUCATIVO NUEVA COLOMBIA;CRA 17C ;;ENNA PATROCINIAS MINA;OFICIAL;;0;
276111000153;IE ANGEL CUADROS;CORREG ZANJON-HONDO;2284994;JESUS EMILIO LARRAHONDO;OFICIAL;RURAL;8;angelcuadros1928@hotmail.com
176001003195;INSTITUCION EDUCATIVA JOSE ANTONIO GALAN;IND CL 41 3N - 11;3798853 / 311 3871157;RAUL ALBERTO MENA BELTRAN;OFICIAL;URBANA;3;josangalan@gmail.com
176001040101;INSTITUCION EDUCATIVA ALFONSO LOPEZ PUMAREJO;IND KR 7 S BIS CL 72 Y 73;6620181 / 3472726 / 311 7708939;BETTY RODRIGUEZ CHAVEZ;OFICIAL;URBANA;5;ie.alfonsolpumarejo@cali.edu.co
176001028970;INSTITUCION EDUCATIVA TECNICO INDUSTRIAL DONALD RODRIGO TAFUR;IND KR 43 B 40 11;3377731;FREDY ALFONSO DOMINGUEZ FIGUEROA;OFICIAL;URBANA;5;donaldtafur@yahoo.es
176001027001;INSTITUCION EDUCATIVA MONSE•OR RAMON ARCILA;IND DG 26I3 T 80 A 18;4483128 / 320 4587758;JUAN VIANEY TOVAR MOSQUERA;OFICIAL;URBANA;4;admin@ieramonarcilacali.edu.co
176001040079;INSTITUCION EDUCATIVA SANTO TOMAS;IND CL 34 NO 3N 15;304 5672501 / 304 5672463;RAUL MAYA SANCHEZ;OFICIAL;URBANA;5;rasantotomas@gmail.com
176001014359;INSTITUCION EDUCATIVA LA ANUNCIACION;KR 26 A 74 00 ;4205786;LILIANA ARTEAGA MOSQUERA;OFICIAL;URBANA;3;admin@ielaanunciacioncali.edu.co
176001013310;INSTITUCION EDUCATIVA POLITECNICO MUNICIPAL DE CALI;KR 62 2 28 ;5523616-5521240-5523681;PATRICIA LENIS MILLAN;OFICIAL;URBANA;6;institucional@iepolitecnicocali.edu.co
176001001702;INSTITUCION EDUCATIVA GENERAL ALFREDO VASQUEZ COBO;IND CL 15 A 22 A 37;3741844 / 312 7925158;ANA CECILIA BONILLA RAMIREZ;OFICIAL;URBANA;3;administrador@ieavasquezcobocali.edu.co
176001001796;INSTITUCION EDUCATIVA TECNICO COMERCIAL JOSE MARIA VIVAS BALCAZAR;IND CL 14 48 A 32;3351363;OLMER GALLEGO GUARIN;OFICIAL;URBANA;3;ie_vivasbalcazar@ievivasbalcazarcali.edu.co
276001022232;INSTITUCION EDUCATIVA GOLONDRINAS;CORREGIMIENTO GOLONDRINAS;314 6922501;JOSE ANIBAL MORALES CASTRO;OFICIAL;RURAL;2;administrador@iegolondrinascali.edu.co
176001008669;INSTITUCION EDUCATIVA JOSE HOLGUIN GARCES;AV 4 A OESTE 23 108 ;8942322/23;ADRIANA ORDO•EZ MEJIA;OFICIAL;URBANA;6;admin@iejosehgarcescali.edu.co
276364000681;I.E. GABRIELA MISTRAL;CORREG LA LIBERIA;3146400201;DIGNA MARIA PASPUR MAZAGUEL;OFICIAL;RURAL;8;edumistral@jamundi.gov.co
176364000597;I.E. SIMON BOLIVAR;CL 12 12 38 ;5539207 / 5166926;LILIANA SANDOVAL JARAMILLO;OFICIAL;URBANA;3;edusimon@jamundi.gov.co
376001043455;INSTITUCION EDUCATIVA NELSON GARCêS VERNAZA;IND CR 28 D 123 -75;4421958 - 3146829015-5523781;JAIR CAICEDO ANCHICO;OFICIAL;URBANA;1;colegionelsongarces@comfandi.com.co
176250000261;IE JOSE MARIA FALLA;CLL 15 NO 12-79;3225386734;IVAN JAVIER HERNANDEZ TORO.;OFICIAL;URBANA,RURAL;19;josemaria@sedvalledelcuca.com.co
176001037600;INSTITUCION EDUCATIVA TECNICO INDUSTRIAL  MULTIPROPOSITO;KR 56 7 OESTE 190.;5135947 - 5135949;AMPARO PEREIRA;OFICIAL;URBANA,RURAL;5;admin@iemultipropositocali.edu.co
176001005716;INSTITUCION EDUCATIVA JOAQUIN DE CAYZEDO Y CUERO;IND KR 35 15 33.;3352170;DIEGO FERNANDO CARDONA MU•OZ;OFICIAL;URBANA;4;ie_joaquindecayzedoycuero@hotmail.com
276001008574;INSTITUCION EDUCATIVA PANCE;IND KILOMETRO 1 VIA LA VORAGINE;5550136;YOLANDA VARELA MARMOLEJO;OFICIAL;RURAL;6;yopance@gmail.com miller611@gmail.com
176036000024;IE ELEAZAR LIBREROS SALAMANCA;CL 6 4 15 ;2235122-2235123-2235201-223512123;CLEMENTINA LOTERO ZU•IGA;OFICIAL;URBANA;10;eleazarlibreros@sedvalledelcauca.gov.co
176100000254;IE MANUEL DOLORES MONDRAGON;CR 2A NO 2-66;3173006005;MARIA EUGENIA ARIAS REYES;OFICIAL;URBANA,RURAL;11;manueldolores@sedvalledelcauca.gov.co
476109008723;SANTA TERESITA DEL NI•O JESUS;VDA LA MINA;3113686953 -3136623013 -3105429386;FLOR EDILMA ELEJALDE PARDO;OFICIAL;RURAL;5;florelejalde@hotmail.com
176109000192;FRANCISCO JOSE DE CALDAS;KR 19 4 03 ;2433968 - 3188018390;BERNARDO OROBIO RIASCOS;OFICIAL;URBANA;2;fracaldas@yahoo.es
176109000842;TêCNICO INDUSTRIAL GERARDO VALENCIA CANO;IND CL 6 AV SIMON BOLIVAR AL LADO DE LA UNIVERSIDAD DEL VALLE KM 9;24252322- 2425302 - 3152830813;BEATRIZ PANCHANO MENA;OFICIAL;URBANA;5;bpanchano@hotmail.com
276109000031;SANTA CECILIA;RIO NAYA;3167978680;ANGEL MONDRAGON CELORIO;OFICIAL;RURAL;13;insantacecilia@hotmail.com  angelmoncelo@hotmail.com
276109004036;MARINA SOLANO;K 2 VILLA STELLA VIA BAJO CALIMA;2446109;NICOLAS VALENCIA;OFICIAL;;0;
176109002977;PABLO EMILIO CARVAJAL;TRASNV. 87 NO 3S-40 BARRIO ALEJANDRO CABAL POMBO;2507614-3154871905;MARIA LEANDRA VALENZUELA MOSQUERA;OFICIAL;RURAL,URBANA;8;pabloecarvajal@hotmailcom
276109001096;ANTONIO JOSE DE SUCRE;CORREGIMIENTOS 8 Y 9 ANCHICAYA;;IRLANDA RODRIGUEZ CASTRO ;OFICIAL;RURAL,URBANA;8;
176111000531;IE JOSE MARIA VILLEGAS;CL 13 9 19;2372877;DEIFAN LILIANA LENIS DOMINGUEZ;OFICIAL;URBANA;2;iejosemariavillegasbuga@gmail.com
276111000102;IE EL PLACER;KM 40 VIA LA HABANA;2394131;ALVARO ARGöELLES DARAVI•A;OFICIAL;RURAL;14;ieplacer102@gmail.com
176122000371;IE NORMAL SUPERIOR MARIA INMACULADA;CR 15 NO 3-36; 2164015-2161394;ANA MILENA GARCIA GOMEZ;OFICIAL;URBANA,RURAL;7;normalinmaculada@sedvalledelcauca.gov.co
276126000214;IE PABLO VI;CORREG EL MIRADOR;2533438  3155943616;CARLOS HUMBERTO SERNA VALLEJO;OFICIAL;RURAL;6;pablosexto@sedvalledelcauca.gov.co
276130000229;CE LA REGINA;CORREG EL  LAURO;310 836 05 71;NEIVER LENIS SALCEDO;OFICIAL;;0;laregina@sedvalledelcauca.gov.co
276147000222;ZARAGOZA;CR 61  15A-161;3146627040;GERMAN CASTA•O RESTREPO;OFICIAL;URBANA,RURAL;14;i_ezaragoza@hotmail.com i_ezaragoza@semcartago.gov.co
276233000588;IE MIGUEL ANTONIO CARO;CORREG EL LIMONAR;3116344098;SIXTA TULIA MORENO MINA;OFICIAL;RURAL;6;miguelantoniodagua@sedvalledelcauca.gov.co
176233000656;IE  DEL DAGUA;KR 12 C CL 00;2450351-2451346;MARITZA  LOPEZ SANTAMARIA;OFICIAL;URBANA;7;deldagua@sedvalledelcauca.gov.co
176248000016;IE SAGRADO CORAZ‡N;CLL 8 NO 10-09;2564178;GUILLERMO BOLA•OS CAMPO;OFICIAL;URBANA,RURAL;7;sagradocerrito@sedvalledelcauca.gov.co
176275001393;IE ABSALON TORRES CAMACHO;CL 8 23 51 ;2641388  ;ZULEMA  HERRERA SOTO;OFICIAL;URBANA;4;absalon@sedvalledelcauca.gov.co
276275000278;IE REGIONAL SIMON BOLIVAR;CORREG SAN ANTONIO DE LOS CABALLEROS;2627442;MARIA YOLANDA OREJUELA ARICAPA;OFICIAL;RURAL;3;regional@sedvalledelcauca.gov.co
176377000251;IE SAN PIO X;CR 3 NO 2-00 ESQUINA;3136747577  321 6467219;EDIER ARTURO CALLE BURBANO;OFICIAL;URBANA,RURAL;4;sanpio@sedvalledelcauca.gov.co
276520002231;IE JOSE MARIA VIVAS BALCAZAR;CORREG PALMASECA;2698160;ALFREDO RODRIGUEZ AVILES;OFICIAL;;0;
176563000091;IE FRANCISCO ANTONIO ZEA;CRA 17 NO 5-61; 2674425;MARIA AMALFI OPANCE;OFICIAL;URBANA,RURAL;7;franciscopradera@sedvalledelcauca.gov.co
176563000822;IE ALFREDO POSADA CORREA;CR 13 CLL 11 VIA LA TUPIA;2671159;MARULA BURGOS GUANARITA;OFICIAL;RURAL,URBANA;8;alfredopradera@sedvalledelcauca.gov.co
276616000654;IE ALFREDO GARRIDO TOVAR;CORREG DE PORTUGAL DE PIEDRAS;3117197157-3175154299;MARIA ALVENIZ BELTRAN GRAJALES;OFICIAL;RURAL;9;alfredoriofrio@sedvalledelcauca.gov.co
176670000240;IE JOSE ANTONIO AGUILERA;CR 6 NO 6-77;2238370;SULMA INES CEDE•O AYALA;OFICIAL;URBANA,RURAL;11;joseantoniosanpedro@sedvalledelcauca.gov.co
276670000201;IE JULIO CAICEDO TELLEZ;CORREG BUENOS AIRES;3173131076;HERNAN ALONSO JARAMILLO VELASCO;OFICIAL;RURAL;11;juliocaicedo@sedvalledelcauca.gov.co
276736000488;IE JORGE ELIECER GAITAN;CORREG LA CUCHILLA;2198913  3137590276;MELBA JARAMILLO AGUDELO;OFICIAL;RURAL;6;jorgesevilla@sedvalledelcauca.gov.co
176828000064;IE SAGRADO CORAZON DE JESUS;CL 17 18 16;2267276;EULER FABIAN CHUQUIMARCA CHANDI;OFICIAL;URBANA;2;sagradotrujillo@sedvalledelcauca.gov.co
276834000704;INSTITUCION EDUCATIVA  SAN JUAN DE BARRAGAN;CORREGIMIENTO BARRAGAN;2260908;IVAN ANTONIO BETANCURT LOPEZ;OFICIAL;RURAL;7;iebarragan@semtulua.gov.co
176834002559;INSTITUCION EDUCATIVA JUAN MARIA CESPEDES;CL 14 KR 15 EQ ;2323893;CLAUDIA LORENA HENAO GARCIA;OFICIAL;URBANA;6;iejuanmariacespedes@hotmail.com
276834000666;INSTITUCION EDUCATIVA JOVITA SANTA COLOMA;CORREGIMIENTO DE NARI®O;2315808;GRISALES RENDON LUZ AIDA;OFICIAL;RURAL;2;iejovita@semtulua.gov.co
176890000305;IE ALFONSO ZAWADZKY;CALLE 6  NO 5-31;2525150;JOSE LUIS FRANCO VALENCIA;OFICIAL;URBANA,RURAL;7;alfonsoyotoco@sedvalledelcauca.gov.co
176892000558;IE CEAT GENERAL PIERO MARIOTTI;KR 7 NTE 3 88;6690551;DORA AMPARO RAMIREZ ARANGO;OFICIAL;URBANA;2;respaldoceatgeneral@gmail.com
176892100102;INSTITUCION EDUCATIVA GABRIEL GARCIA MARQUEZ;KR 18 G 17 A 60 ;3138759672;MARIU DELGADO MORENO;OFICIAL;URBANA;4;iegaboyumbo2016@gmail.com
176113000377;IE DIEGO RENGIFO SALAZAR;CR 6  7-98;2237270;MARIA STELLA IBARGUEN MOSQUERA;OFICIAL;URBANA,RURAL;13;diegorengifo@sedvalledelcauca.gov.co
376109001350;COLEGIO NAVAL JOSE PRUDENCIO PADILLA;CL 9 3 44 ;2422854;DIONNE QUI•ONES CASTRO;OFICIAL;URBANA;1;colnavbuenaventura@gmail.com
176109016137;INSTITUCI‡N EDUCATIVA MISIONEROS DEL SABER;IND CL 6 51 B 61 <EOF>;2432929 ;LESLIE ASTRID OCAMPO CASTRO;OFICIAL;URBANA;1;misionerosdelsaber@gmail.com
